%time,field.x,field.y,field.z
1544968120865457255,0.362114280462,0.623785734177,2.7365424633
1544968120980654944,0.44187143445,0.522345304489,2.75635719299
1544968121123477944,0.504400014877,0.437647998333,2.7500808239
1544968121272914375,0.585500001907,0.351284652948,2.74639558792
1544968121410785884,0.679642856121,0.247773990035,2.72563648224
1544968121554957092,0.701842844486,0.130505904555,2.65572690964
1544968121698649146,0.765714287758,0.0261292234063,2.60986566544
1544968121842890792,0.819357156754,-0.0183844827116,2.59359121323
1544968121987163802,0.869542837143,-0.0655540004373,2.58698630333
1544968122130616754,0.979600012302,-0.0881036520004,2.61088514328
1544968122274153096,1.10800004005,-0.110669799149,2.63432884216
1544968122417765554,1.19838571548,-0.149179056287,2.59253096581
1544968122561593231,1.36361432076,-0.177716657519,2.58725190163
1544968122704820211,1.41964280605,-0.200381785631,2.5667219162
1544968122850243722,1.47232854366,-0.191738024354,2.58377337456
1544968122993708897,1.49479997158,-0.148758426309,2.65441966057
1544968123138034742,1.4765714407,-0.161987990141,2.65237569809
1544968123424570598,1.56771433353,-0.177790895104,2.65683317184
1544968123569779425,1.77781426907,-0.12102086097,2.72989559174
1544968123713362939,1.823828578,-0.136815518141,2.71068835258
1544968123857471709,1.9523999691,-0.145723208785,2.69365906715
1544968124000743622,2.00760006905,-0.144486024976,2.69040250778
1544968124144575052,2.09198570251,-0.12610155344,2.70260882378
1544968124289365922,2.07249999046,-0.137351632118,2.69181680679
1544968124433138275,2.18038582802,-0.140766248107,2.65701007843
1544968124577078747,2.32748579979,-0.0616610087454,2.70627188683
1544968124720454945,2.55749988556,0.0365627668798,2.74232697487
1544968124879982028,2.54049992561,-0.0257745664567,2.66225385666
1544968125024151191,2.60150003433,0.0137326885015,2.67299628258
1544968125152363891,2.74107146263,-0.100846596062,2.45331549644
1544968125310764582,2.28035712242,0.155859827995,2.8457300663
1544968125743092994,2.3191857338,0.386189609766,2.95983695984
1544968126030600748,2.36958575249,0.471126079559,3.01043248177
1544968126175334297,2.4977285862,0.526271283627,3.0144469738
1544968126462701032,2.9191429615,0.270282417536,2.60229754448
1544968126606396851,2.87022852898,0.37664681673,2.70213341713
1544968126749726632,2.82382845879,0.508414626122,2.81565380096
1544968126893783487,2.9465713501,0.557060539722,2.78127670288
1544968127037290733,2.85841417313,0.579981327057,2.8099091053
1544968127183545485,2.77217149734,0.536457359791,2.77648687363
1544968127325885123,2.85089993477,0.700960934162,2.83327078819
1544968127469671451,2.79040002823,0.735890626907,2.88418674469
1544968127613084190,2.63251423836,0.692605853081,2.86228322983
1544968127756589870,2.83617138863,0.782639503479,2.79771471024
1544968127901943755,2.91478562355,0.879659116268,2.77572035789
1544968128045724383,2.93319988251,0.970575273037,2.77070784569
1544968128189655152,2.92464280128,1.02341938019,2.76072049141
1544968128334617391,3.02228569984,1.17878425121,2.76113319397
1544968128477128150,2.97297143936,1.27963912487,2.78511476517
1544968128621142482,2.93135714531,1.38665509224,2.7933371067
1544968128765396826,2.901014328,1.48897814751,2.80304479599
1544968128908585784,3.00349998474,1.61449408531,2.76486825943
1544968129052466176,3.00752854347,1.76920747757,2.77781867981
1544968129196599013,3.11754274368,1.77846980095,2.68111395836
1544968129484777791,3.04634284973,1.94529104233,2.7637181282
1544968129628914380,3.07240009308,1.98164761066,2.74195742607
1544968129771844354,2.61870002747,2.19415378571,2.97472691536
1544968129915868570,2.56211423874,2.22246861458,2.98774218559
1544968130059159389,2.62319993973,2.17849111557,2.93649435043
1544968130203283105,2.61051440239,2.1182487011,2.90031695366
1544968130348647449,2.57867145538,2.1574177742,2.89993143082
1544968130491846294,2.37331438065,2.10899448395,2.91472482681
1544968130635134590,2.64892864227,2.36145329475,2.87951660156
1544968130779239759,2.48984289169,2.44353604317,2.92101264
1544968130922453244,2.6098856926,2.3894712925,2.84438443184
1544968131068918045,2.48112845421,2.43410038948,2.85817360878
1544968131211133374,2.35857152939,2.54936432838,2.87714838982
1544968131355207344,2.3784570694,2.53753685951,2.8397090435
1544968131499097466,2.25880002975,2.5766813755,2.83919644356
1544968131642650160,2.05892848969,2.72082901001,2.85664176941
1544968131785523257,1.99628567696,2.71753811836,2.84216976166
1544968131931155585,1.90952861309,2.71416497231,2.82782769203
1544968132074660974,1.78707146645,2.77490210533,2.81813669205
1544968132218176490,1.86095714569,2.77955389023,2.79651904106
1544968132504945167,1.77491426468,2.85288572311,2.79421234131
1544968132649718543,1.9251999855,2.88251185417,2.79056096077
1544968132792405576,1.9240000248,2.83930969238,2.78800010681
1544968132938554602,1.61187148094,2.90391516685,2.79369783401
1544968133081560016,1.44897139072,2.907766819,2.77096986771
1544968133224628476,1.24921429157,2.74794816971,2.73004484177
1544968133368820695,1.27030003071,2.78052711487,2.74719977379
1544968133512890071,1.17960000038,2.8236386776,2.74366688728
1544968133656354511,1.14382863045,2.94001603127,2.74232792854
1544968133800566318,1.0291428566,2.8338329792,2.71916437149
1544968133944687947,0.776114284992,2.86449861526,2.65192270279
1544968134088549926,0.755714297295,2.82768011093,2.65247440338
1544968134232135476,0.843757152557,2.81609201431,2.68292760849
1544968134375104005,0.681142866611,2.8129825592,2.64378023148
1544968134519434627,0.667471408844,2.80193853378,2.6589512825
1544968134664558092,0.614071428776,2.66385293007,2.65384697914
1544968134807967194,0.444685727358,2.69513702393,2.6128320694
1544968134952187269,0.365071415901,2.54049777985,2.58112239838
1544968135094719420,0.314242869616,2.60530948639,2.62253952026
1544968135239388135,0.0740000009537,2.43249225616,2.5015206337
1544968135525644173,0.1014142856,2.15398669243,2.52437257767
1544968135670684328,-0.00512857129797,2.06631183624,2.50855112076
1544968135814419180,0.0973000004888,1.86819827557,2.59622192383
1544968135958244835,-0.0241000000387,1.82997763157,2.58833932877
1544968136102059757,0.0738999992609,1.65342390537,2.6566195488
1544968136245828634,-0.0148999998346,1.58363056183,2.65329837799
1544968136390693333,-0.0941571444273,1.58034789562,2.58351206779
1544968136533774605,-0.0485000014305,1.5142660141,2.57774043083
1544968136681201137,-0.08794285357,1.41899502277,2.50461959839
1544968136821224162,0.0732999965549,1.27659571171,2.53584909439
1544968136965208921,0.256900012493,1.14032447338,2.56633257866
1544968137111351636,0.207828566432,1.01834690571,2.47025847435
1544968137268736118,0.105957143009,0.908196687698,2.33753108978
1544968137398637907,0.172857135534,0.953353762627,2.46652317047
1544968137541151207,0.180442854762,0.922053098679,2.48854541779
1544968137700079783,0.151657149196,0.763487994671,2.41778540611
1544968137844517992,0.0867285728455,0.681924879551,2.40363407135
1544968137988705936,0.0615428574383,0.577267765999,2.35963439941
1544968138131944594,0.134871423244,0.570413827896,2.48172068596
1544968138276413457,0.310357153416,0.592880964279,2.66733407974
1544968138564005524,0.592299997807,0.420550197363,2.71448302269
1544968138709552175,0.676471412182,0.351416617632,2.72539782524
1544968138851375354,0.745728552341,0.198352813721,2.63951611519
1544968138995171882,0.824285686016,0.0775463879108,2.61192250252
1544968139138737961,0.932471454144,0.0155637133867,2.60828590393
1544968139283646898,1.06817138195,-0.0853488668799,2.54348683357
1544968139426899230,1.08035719395,-0.114950440824,2.52628469467
1544968139570468244,1.27325713634,-0.162004485726,2.51097011566
1544968139714268193,1.36852860451,-0.151076063514,2.54094576836
1544968139857938687,1.43114280701,-0.171984404325,2.53941941261
1544968140002798238,1.52321434021,-0.110661551356,2.64008951187
1544968140146516137,1.51302862167,-0.108277916908,2.65755915642
1544968140290455222,1.58645713329,-0.133846282959,2.64827084541
1544968140434546838,1.64062857628,-0.13772277534,2.66200494766
1544968140578177160,1.80502855778,-0.117053642869,2.68807935715
1544968140721127390,1.90470004082,-0.142382830381,2.65419387817
1544968140865006983,2.02342867851,-0.13460509479,2.65390634537
1544968141010965332,2.06182861328,-0.112434841692,2.67593383789
1544968141153547781,2.12778568268,-0.0807053223252,2.68903589249
1544968141297886167,2.30542850494,-0.0431858003139,2.68602561951
1544968141584668173,2.69422864914,0.0119923902676,2.60834980011
1544968141729833918,2.58069992065,-0.00409918697551,2.58117628098
1544968141872022276,2.75645709038,-0.0533801577985,2.40721726418
1544968142017552164,2.51377153397,0.138663038611,2.67032313347
1544968142160519033,2.24615716934,0.307472020388,2.87329769135
1544968142304421922,2.52314281464,0.221488058567,2.71086573601
1544968142448009903,2.85497140884,0.116393812001,2.4746696949
1544968142591139927,2.4267001152,0.490343570709,2.97448992729
1544968142736947889,2.52550005913,0.484636068344,2.94534850121
1544968142879939708,2.94107151031,0.322697550058,2.63202691078
1544968143023706928,2.82691431046,0.49391490221,2.82939982414
1544968143167980168,2.82598567009,0.480710089207,2.78975319862
1544968143310698516,2.88521432877,0.512117922306,2.76661777496
1544968143454662217,2.91662859917,0.639192759991,2.80975270271
1544968143599188477,2.74141430855,0.619488596916,2.84620475769
1544968143743553403,2.74679994583,0.720830082893,2.88755846024
1544968143887441202,2.86792850494,0.741408467293,2.80565476418
1544968144030345902,2.82999992371,0.771834850311,2.77794361115
1544968144173893089,2.97555708885,0.909846305847,2.74604058266
1544968144318597012,3.01012849808,1.08874237537,2.79575848579
1544968144606036141,2.96735715866,1.23867201805,2.82469177246
1544968144750306334,2.8884999752,1.42235183716,2.88025736809
1544968144893819869,2.9287571907,1.48186838627,2.82406568527
1544968145037723724,2.9756000042,1.59729731083,2.80473637581
1544968145181119825,3.06485724449,1.73658716679,2.78406453133
1544968145326067838,3.11800003052,1.88859522343,2.78915476799
1544968145613665871,2.59895706177,2.15637850761,3.03431272507
1544968145757089060,2.58200001717,2.14289331436,3.01353359222
1544968145900857993,2.60618567467,2.09105539322,2.96920585632
1544968146044240406,2.6917142868,2.13707017899,2.93564391136
1544968146188631427,2.56599998474,2.10840082169,2.93175554276
1544968146332929670,2.76760005951,2.36820840836,2.9064719677
1544968146476572060,2.56988573074,2.36129665375,2.93488764763
1544968146620143500,2.44600009918,2.35905313492,2.93462967873
1544968146764500556,2.45041418076,2.33802938461,2.88644909859
1544968146907124110,2.23685717583,2.52592396736,2.91680955887
1544968147051286118,2.24609994888,2.53055095673,2.8748819828
1544968147195924110,2.10918569565,2.69760322571,2.88871479034
1544968147339827174,1.9087857008,2.63846588135,2.86890816689
1544968147626845867,1.82371425629,2.70183420181,2.85009789467
1544968147770127567,1.79960000515,2.7870182991,2.8290579319
1544968147915123073,1.73741424084,2.89939522743,2.81689524651
1544968148059181492,1.93835711479,2.90434408188,2.7907807827
1544968148202552385,1.99857139587,2.84015083313,2.78240084648
1544968148346529638,1.94748568535,2.79665160179,2.78317070007
1544968148489943872,1.63750004768,2.87481665611,2.79337120056
1544968148635263972,1.25171422958,2.85946750641,2.74995589256
1544968148779105940,1.26199996471,2.7313451767,2.74080467224
1544968148922331755,1.28422856331,2.75894260406,2.74754309654
1544968149065986453,1.17960000038,2.8236386776,2.74366688728
1544968149209797963,1.06878566742,2.82023239136,2.71801161766
1544968149353488930,1.13189995289,2.93312907219,2.73942637444
1544968149498894785,0.969699978828,2.81483817101,2.70125293732
1544968149641946994,0.839585721493,2.85418057442,2.67371439934
1544968149785678959,0.676228582859,2.86055612564,2.62364888191
1544968149929350757,0.778342843056,2.83135867119,2.67179536819
1544968150073001907,0.628857135773,2.83025360107,2.62341451645
1544968150217481474,0.73971426487,2.8912050724,2.69335389137
1544968150361623169,0.634000003338,2.7635447979,2.66326189041
1544968150664651517,0.562342882156,2.73464417458,2.65103578568
1544968150808133254,0.488985717297,2.64739012718,2.63915109634
1544968150951629577,0.340985715389,2.54241132736,2.56841850281
1544968151239123448,0.432399988174,2.57158398628,2.66699934006
1544968151383152968,0.0466857142746,2.3785841465,2.45694088936
1544968151527422685,-0.0644714310765,2.22580909729,2.38101196289
1544968151671577539,0.00798571389169,2.08966970444,2.44981956482
1544968151814981275,0.0571428574622,1.97716069221,2.51546621323
1544968151958436739,-0.0373142845929,1.99938046932,2.53653025627
1544968152102098377,0.034214284271,1.81897497177,2.58374905586
1544968152246784295,0.106457144022,1.76329374313,2.68021678925
1544968152390058624,0.0208000000566,1.69251060486,2.66844058037
1544968152534274359,-0.0328571423888,1.58104896545,2.66630911827
1544968152678013766,0.0117857139558,1.48658621311,2.70887851715
1544968152821506881,-0.0493142865598,1.4630715847,2.64147496223
1544968152965151584,-0.0712571442127,1.47752177715,2.62144064903
1544968153110777626,-0.228071421385,1.49171638489,2.49983310699
1544968153253737265,-0.117499999702,1.37067079544,2.50740003586
1544968153400254621,-0.0568571425974,1.33341515064,2.5408012867
1544968153685065748,0.244628578424,1.10069358349,2.58476901054
1544968153828536668,0.156857147813,0.925822377205,2.40304994583
1544968153973535651,0.0791428536177,0.925113081932,2.36421275139
1544968154119523487,0.0888571441174,0.921104609966,2.39761781693
1544968154260602985,0.175899997354,0.945394575596,2.4908208847
1544968154404430789,0.157771423459,0.885011970997,2.47159099579
1544968154549352466,0.137428566813,0.796990811825,2.4394299984
1544968154691934132,0.153957143426,0.676052451134,2.41233301163
1544968154835408859,0.106499999762,0.600518524647,2.38319849968
1544968154980973555,0.0131999999285,0.567419826984,2.36278653145
1544968155123946208,0.105957143009,0.52825075388,2.45149421692
1544968155268859453,0.261528581381,0.510418891907,2.5769507885
1544968155411772435,0.389785706997,0.505981504917,2.71590685844
1544968155557072616,0.508000016212,0.399922281504,2.74488592148
1544968155698909022,0.547428548336,0.356093138456,2.76389575005
1544968155844250876,0.61982858181,0.264904797077,2.74855208397
1544968155987858863,0.679642856121,0.194195881486,2.72997689247
1544968156132076182,0.705014288425,0.0791877135634,2.64656090736
1544968156274879740,0.792100012302,-0.025461146608,2.62288570404
1544968156418700329,0.834957122803,-0.0365627668798,2.60942697525
1544968156707520388,0.997071444988,-0.166779994965,2.56819653511
1544968156850625763,1.02542853355,-0.174029871821,2.56731557846
1544968156994454583,1.16165709496,-0.234338223934,2.52581429482
1544968157137972836,1.26364290714,-0.251716464758,2.50843477249
1544968157281546798,1.3590285778,-0.227146089077,2.54038310051
1544968157427039174,1.40289998055,-0.210048273206,2.55228352547
1544968157570010441,1.43949997425,-0.221529304981,2.54237389565
1544968157713919349,1.47742855549,-0.145112872124,2.64141011238
1544968157857863836,1.52535712719,-0.196439310908,2.59905695915
1544968158006347236,1.52392852306,-0.189329653978,2.62362265587
1544968158145866350,1.58645713329,-0.174871146679,2.64587855339
1544968158289492383,1.67639994621,-0.133714318275,2.69892644882
1544968158433115550,1.81470000744,-0.131545141339,2.71706819534
1544968158576940570,1.86005711555,-0.157732099295,2.68481063843
1544968158720414497,1.92398571968,-0.162128210068,2.67619013786
1544968158866012279,2.06279993057,-0.142951920629,2.68635821342
1544968159008801620,2.070499897,-0.144824191928,2.66766858101
1544968159152829767,2.10935711861,-0.122390009463,2.68924403191
1544968159296206948,2.12310004234,-0.150317266583,2.63855099678
1544968159440086336,2.03898572922,-0.262801587582,2.49125933647
1544968159727606485,2.58725714684,0.0578339993954,2.74146962166
1544968159872588481,2.69218564034,0.0108624333516,2.63911318779
1544968160015821801,2.57261419296,-0.0171308070421,2.63130426407
1544968160159683364,2.68548560143,-0.00641683582217,2.57420372963
1544968160303283330,2.59062862396,-0.0696284398437,2.49875879288
1544968160590421066,2.29239988327,0.239946767688,2.85591101646
1544968160734194390,2.19035720825,0.314449697733,2.90275001526
1544968160879150069,2.3897857666,0.372514635324,2.89189505577
1544968161022633918,2.86929988861,0.119981631637,2.48851799965
1544968161167133543,2.32439994812,0.523145318031,3.04965305328
1544968161309963350,2.39709997177,0.545653760433,3.04043960571
1544968161453238062,2.54530000687,0.590637564659,3.02862930298
1544968161598460962,2.61378574371,0.44674539566,2.87343740463
1544968161741884549,2.92622852325,0.331267088652,2.61745071411
1544968161886596909,2.94394278526,0.41237655282,2.66143679619
1544968162029677664,2.85901427269,0.500389456749,2.752389431
1544968162174280324,2.88348579407,0.524712443352,2.72216582298
1544968162317891599,2.8801715374,0.551600456238,2.70563292503
1544968162461586636,2.86680006981,0.664167225361,2.78259587288
1544968162748877374,2.84778571129,0.727073669434,2.81538271904
1544968162893768407,2.67070007324,0.694445133209,2.79821515083
1544968163037997270,2.76721429825,0.819383740425,2.81283402443
1544968163181261741,2.8392572403,0.88006323576,2.7801091671
1544968163324823023,2.82909989357,0.854255735874,2.71045017242
1544968163484444050,2.94172859192,1.0254483223,2.74174928665
1544968163612988798,3.08714294434,1.12730109692,2.69466900826
1544968163771616984,2.9684715271,1.21455526352,2.7578856945
1544968163900524332,2.99270009995,1.28619623184,2.72982525826
1544968164060628492,3.06794285774,1.41581130028,2.72374820709
1544968164204255686,3.01192855835,1.52185404301,2.7607691288
1544968164348734137,2.93485713005,1.55355060101,2.76323986053
1544968164491057724,2.93187141418,1.62778961658,2.75500106812
1544968164634844783,2.91902852058,1.75062501431,2.77248692513
1544968164780348681,3.06890010834,1.7399109602,2.66288614273
1544968164923945454,3.08371424675,1.86616098881,2.67735862732
1544968165067672533,3.12685704231,1.95632660389,2.68125915527
1544968165210559918,3.11730003357,1.97238528728,2.68062257767
1544968165354175886,2.65114283562,2.20704507828,2.9362039566
1544968165499331843,2.56405711174,2.2677989006,2.96708607674
1544968165787371486,2.70354294777,2.12339520454,2.87270760536
1544968165932564062,2.64245724678,2.18386864662,2.89969611168
1544968166073446725,2.5759999752,2.22815966606,2.9103140831
1544968166217893036,2.47982859612,2.23078250885,2.91529750824
1544968166361060646,2.41240000725,2.27556824684,2.92207384109
1544968166505988580,2.87114286423,2.63494420052,2.81952261925
1544968166649712978,2.57182860374,2.45652651787,2.86985635757
1544968166938076993,2.35571432114,2.50159263611,2.89011144638
1544968167081174067,2.28428578377,2.55259752274,2.87179112434
1544968167225334181,2.29064273834,2.52900028229,2.82524561882
1544968167369568522,2.09159994125,2.64350533485,2.84344649315
1544968167512380085,2.01009988785,2.76281070709,2.83548498154
1544968167656353196,2.04485702515,2.73231840134,2.80880665779
1544968167799799889,1.90989995003,2.75641036034,2.80203199387
1544968167944629146,1.78715717793,2.81704878807,2.7915596962
1544968168089537141,1.78741431236,2.87851166725,2.77555775642
1544968168232224723,1.77508568764,2.93287348747,2.75813794136
1544968168376148757,1.83809995651,2.95482087135,2.75753903389
1544968168519975434,1.86352860928,2.96038007736,2.76676917076
1544968168808205838,1.46399998665,3.16168546677,2.75209903717
1544968168951841763,1.37885713577,2.84114074707,2.73844337463
1544968169095358421,1.25742852688,2.81552290916,2.71731567383
1544968169239011897,1.12285709381,2.92488956451,2.70625448227
1544968169382434305,0.95349997282,2.97265291214,2.67325139046
1544968169526185553,0.955299973488,2.94884943962,2.68359613419
1544968169671065789,0.835414290428,2.90165519714,2.65384244919
1544968169814895692,0.741999983788,2.94234204292,2.62148046494
1544968169958791749,0.787500023842,2.880392313,2.64637184143
1544968170102191083,0.637499988079,2.86993384361,2.60805916786
1544968170245817631,0.638685703278,2.90623283386,2.6431593895
1544968170389569611,0.559785723686,2.83212566376,2.63700652122
1544968170533290234,0.543042838573,2.76160645485,2.65622544289
1544968170677987791,0.314914286137,2.70354986191,2.57956337929
1544968170821554385,0.44474285841,2.51549863815,2.66281247139
1544968170965761469,0.383599996567,2.54527330399,2.67180347443
1544968171110145955,0.0780000016093,2.40854024887,2.51062726974
1544968171252990706,0.151214286685,2.30358624458,2.59066104889
1544968171396575904,0.151014283299,2.17232990265,2.61116409302
1544968171540793569,0.0427000001073,2.09361219406,2.58918213844
1544968171828649616,0.0167285706848,1.89294183254,2.5800178051
1544968171972415095,0.0302285719663,1.8078981638,2.64018750191
1544968172116049336,-0.0239428579807,1.76030802727,2.67221689224
1544968172259910411,-0.125900000334,1.63164961338,2.56192684174
1544968172403237679,-0.0846142843366,1.58930504322,2.55480909348
1544968172547263616,-0.111414283514,1.60477805138,2.54408621788
1544968172691802267,-0.0644000023603,1.50892972946,2.52241635323
1544968172835369612,0.0420571416616,1.36696743965,2.53456735611
1544968172979074108,0.215299993753,1.22498059273,2.5753967762
1544968173122951762,0.232857137918,1.11481392384,2.54697227478
1544968173267184719,0.166814282537,1.03918921947,2.47555232048
1544968173411027062,0.0398285724223,0.973099112511,2.37831711769
1544968173556396964,-0.00371428579092,0.912378370762,2.33830118179
1544968173698590849,0.174500003457,0.842609703541,2.4746632576
1544968173842047160,0.354228585958,0.910003006458,2.67748332024
1544968173985496231,0.213642850518,0.727354109287,2.52881646156
1544968174129204967,0.0889714285731,0.659927845001,2.43042778969
1544968174272823977,0.0724999979138,0.573679983616,2.41164565086
1544968174419249480,0.0717142820358,0.46686193347,2.36325979233
1544968174561267749,0.306871414185,0.428220689297,2.5358543396
1544968174849133439,0.561371445656,0.429152697325,2.70937085152
1544968174992571075,0.761642873287,0.387608230114,2.79214262962
1544968175138167229,0.781842827797,0.283058345318,2.72600436211
1544968175281137348,0.744057118893,0.145789191127,2.61218762398
1544968175424802798,0.879828572273,0.112682275474,2.62413883209
1544968175569174155,0.985214293003,0.062065154314,2.63089346886
1544968175728586434,0.992328584194,-0.0502707138658,2.59637379646
1544968175859550995,1.04799997807,-0.100689888,2.55130505562
1544968176015345696,1.11228573322,-0.14244055748,2.50002622604
1544968176159546809,1.30047142506,-0.154919579625,2.50871968269
1544968176302563688,1.34519994259,-0.148560479283,2.50816011429
1544968176447301991,1.43949997425,-0.14017239213,2.54815459251
1544968176734598688,1.42805719376,-0.114166893065,2.57878232002
1544968176880488617,1.54332852364,-0.115280352533,2.60494661331
1544968177022130689,1.61392855644,-0.0987681373954,2.64489674568
1544968177167226200,1.6594285965,-0.118059881032,2.63946175575
1544968177310610345,1.72278571129,-0.126777872443,2.6460416317
1544968177455738254,1.84028565884,-0.1420776546,2.62626385689
1544968177599256943,1.92344284058,-0.104310698807,2.66713094711
1544968177885047845,2.00440001488,-0.104764327407,2.64458036423
1544968178029884738,2.22542858124,-0.0622548535466,2.64862084389
1544968178173789499,1.96892857552,-0.196835204959,2.50213432312
1544968178316977890,2.36352849007,-0.0226238835603,2.63530278206
1544968178461021623,2.5936999321,0.0490170381963,2.63824129105
1544968178605148489,2.61211419106,0.0408269129694,2.59183192253
1544968178749906457,2.71758580208,0.0309377256781,2.51073122025
1544968178892935405,2.69350004196,0.0348967015743,2.49253678322
1544968179038219346,2.30881428719,0.224482029676,2.76605939865
1544968179180213145,2.26258563995,0.32527089119,2.84559392929
1544968179323452320,2.29879999161,0.403270930052,2.88391947746
1544968179468330400,2.60669994354,0.287710130215,2.68045473099
1544968179611356326,2.39170002937,0.562479376793,3.00296330452
1544968179759107540,2.4176428318,0.611950039864,3.02438759804
1544968179899795279,2.50902867317,0.61118298769,3.00213766098
1544968180044183128,3.00959992409,0.322177946568,2.55345034599
1544968180188771130,2.89158582687,0.442835897207,2.72811818123
1544968180330997196,2.81235718727,0.514740765095,2.81172347069
1544968180474677718,2.86547136307,0.523120582104,2.77052664757
1544968180619924321,2.79707145691,0.509297192097,2.75655722618
1544968180908091898,2.84890007973,0.596608996391,2.77276515961
1544968181050736452,2.73009991646,0.636759638786,2.79690742493
1544968181194033979,2.70407152176,0.716203033924,2.84519791603
1544968181339448206,2.82152867317,0.764370501041,2.78860425949
1544968181483056282,2.74990010262,0.76245701313,2.76000165939
1544968181627123826,2.85401439667,0.922679960728,2.78053307533
1544968181770079031,2.97230005264,1.03900778294,2.76441597939
1544968181913829412,2.97569990158,1.09839236736,2.75295186043
1544968182058006286,3.05892848969,1.22336399555,2.74780583382
1544968182202394130,3.08200001717,1.31337285042,2.74321484566
1544968182345549679,3.03010010719,1.44366431236,2.78279137611
1544968182489603901,3.00279998779,1.52712440491,2.76779389381
1544968182632622875,2.95371437073,1.63980674744,2.78765249252
1544968182776716215,2.96624279022,1.70172345638,2.75275158882
1544968182920197105,3.14319992065,1.79328298569,2.67477655411
1544968183063551929,3.18147134781,1.91245627403,2.68275046349
1544968183209154529,3.08171439171,1.93118715286,2.71756386757
1544968183352712578,2.62287139893,2.22170162201,2.98112177849
1544968183495733603,2.46314287186,2.20127153397,2.9964864254
1544968183639271651,2.58069992065,2.12920999527,2.93410158157
1544968183928278642,2.54462862015,2.14165616035,2.92627310753
1544968184071670819,2.54851436615,2.18949365616,2.91782331467
1544968184215540010,2.56912851334,2.28233981133,2.90525436401
1544968184359339040,2.69269990921,2.49878025055,2.88346385956
1544968184502580211,2.55495715141,2.41113853455,2.87579655647
1544968184646541442,2.57109999657,2.38707113266,2.83397889137
1544968184790992870,2.4426856041,2.43170046806,2.84622907639
1544968184935174327,2.30200004578,2.49339437485,2.84757447243
1544968185078064806,2.3218858242,2.49141478539,2.80174922943
1544968185222450264,2.08680009842,2.57857823372,2.81401848793
1544968185365655053,1.96857142448,2.66075992584,2.80725550652
1544968185509234872,1.95424282551,2.62581372261,2.77310967445
1544968185653091797,1.94382858276,2.6929101944,2.76263737679
1544968185799263442,1.79891431332,2.7664809227,2.75689864159
1544968185941531280,1.83609998226,2.82023239136,2.74055218697
1544968186084936765,1.73755717278,2.90954017639,2.7272644043
1544968186228541565,1.77502858639,2.95456528664,2.71880817413
1544968186372050056,2.00028562546,2.9561984539,2.70742464066
1544968186516497267,1.9747428894,2.93246102333,2.71894526482
1544968186661450613,1.83710002899,2.90071487427,2.73551034927
1544968186949159524,1.50924289227,3.01799964905,2.72937083244
1544968187092021912,1.31799995899,2.6871201992,2.68377757072
1544968187235366311,1.29595708847,2.82054567337,2.69390368462
1544968187379362636,1.23039996624,2.86291503906,2.69522428513
1544968187522760477,1.12571430206,2.91426610947,2.68593001366
1544968187668717840,1.12999999523,2.86204075813,2.69442439079
1544968187811573243,1.09052860737,2.87567448616,2.69617199898
1544968187955973245,0.805428564548,2.87154221535,2.62038731575
1544968188099746145,0.798500001431,2.82717704773,2.62546515465
1544968188260626547,0.794099986553,2.84652662277,2.63596129417
1544968188402139025,0.686057150364,2.82182407379,2.60319685936
1544968188531381408,0.744442880154,2.82117271423,2.64771413803
1544968188689321327,0.653771400452,2.82878541946,2.63381028175
1544968188834774364,0.592357158661,2.67045116425,2.6233382225
1544968188978858443,0.663828551769,2.72392201424,2.68215966225
1544968189122276680,0.510585725307,2.66957688332,2.64135599136
1544968189265243637,0.206685706973,2.56048250198,2.49351358414
1544968189408782719,0.494500011206,2.46031212807,2.66419482231
1544968189552607082,0.292814284563,2.47693991661,2.6098139286
1544968189696301123,0.168799996376,2.33322095871,2.54935026169
1544968189984693030,0.0837142840028,2.17517542839,2.52002072334
1544968190129484996,0.0839428603649,1.97226154804,2.51855874062
1544968190415445728,0.0254714284092,1.8994576931,2.55025720596
1544968190560774831,0.0649714320898,1.73774182796,2.59045004845
1544968190704151815,-0.0370999984443,1.67759013176,2.58277273178
1544968190847913670,0.0162714291364,1.57848393917,2.64471626282
1544968190991341490,-0.0191428568214,1.56575739384,2.64063191414
1544968191135502408,-0.0798428580165,1.53071224689,2.57886505127
1544968191278903664,-0.175942853093,1.54865133762,2.50464034081
1544968191422716512,-0.181528568268,1.43746197224,2.43097734451
1544968191567858777,-0.139728575945,1.37393689156,2.43572854996
1544968191710586913,0.0330857150257,1.25337791443,2.49239826202
1544968191855261801,0.106857143342,1.15357887745,2.48302984238
1544968191999005269,0.156100004911,1.03059494495,2.44726514816
1544968192141391262,0.115528568625,0.927661657333,2.36171483994
1544968192285120723,0.14478571713,0.92099738121,2.40566015244
1544968192430698592,0.150271430612,0.928453445435,2.44536137581
1544968192574254551,0.125328570604,0.864268600941,2.41707110405
1544968192717969063,0.130099996924,0.816975355148,2.42264842987
1544968193004749136,0.165885716677,0.705934405327,2.40296459198
1544968193149912821,0.0684999972582,0.631167590618,2.35595750809
1544968193293120328,0.0966142863035,0.584963023663,2.40808725357
1544968193437186851,0.264742851257,0.577251315117,2.58307814598
1544968193581026484,0.401542842388,0.496422261,2.65428495407
1544968193725373754,0.44885712862,0.484891742468,2.71062850952
1544968193870113968,0.540457129478,0.44498860836,2.77299308777
1544968194012731737,0.653900027275,0.285268753767,2.73860120773
1544968194156986463,0.702042877674,0.22149631381,2.72221875191
1544968194300585519,0.719142854214,0.0889944210649,2.63207411766
1544968194444925404,0.774800002575,0.034542042762,2.57577013969
1544968194588467373,0.843442857265,-0.0141945686191,2.57536458969
1544968194732261390,0.903699994087,-0.0535368658602,2.56492877007
1544968194876800247,1.0333571434,-0.0875015556812,2.57932472229
1544968195019505573,1.04012858868,-0.132353425026,2.54226565361
1544968195163507488,1.170342803,-0.101580657065,2.59662842751
1544968195307828533,1.25240004063,-0.154152527452,2.53310704231
1544968195451327338,1.36730003357,-0.154325723648,2.55277776718
1544968195595094286,1.39457142353,-0.174029871821,2.54813337326
1544968195738794354,1.42387139797,-0.214106217027,2.51728987694
1544968196029330432,1.53537142277,-0.184851065278,2.58235645294
1544968196171311144,1.56009995937,-0.162705555558,2.62739706039
1544968196314253789,1.61349999905,-0.156321704388,2.65410637856
1544968196457713863,1.67662858963,-0.130613133311,2.68714666367
1544968196601642767,1.78680002689,-0.133912265301,2.69944691658
1544968196746878575,1.84200000763,-0.147306799889,2.69782066345
1544968196890132490,1.92289996147,-0.183209732175,2.65090346336
1544968197034082182,1.96061432362,-0.161435380578,2.67438411713
1544968197177646557,2.070499897,-0.144824191928,2.66766858101
1544968197321431882,2.07914280891,-0.136106207967,2.66139817238
1544968197466094239,2.10935711861,-0.0950071141124,2.69035053253
1544968197610094317,2.10155725479,-0.155035048723,2.60421228409
1544968197753376956,2.25720000267,-0.11911560595,2.60640740395
1544968197897548867,2.47049999237,0.0176091827452,2.70035552979
1544968198040725296,2.52279996872,-0.0231270026416,2.62384176254
1544968198185839007,2.6437857151,0.0188793540001,2.60271787643
1544968198329454193,2.5936999321,0.062428060919,2.63795804977
1544968198473069275,2.77080011368,-0.0750060454011,2.39011335373
1544968198616555756,2.17742848396,0.259477704763,2.88025617599
1544968198760458095,2.41857147217,0.147966623306,2.67595171928
1544968199048459850,2.19000005722,0.412937402725,2.97855377197
1544968199192535875,2.92371439934,0.114265866578,2.44027423859
1544968199335790864,2.360871315,0.439223349094,2.9579501152
1544968199479765685,2.39350008965,0.508851766586,3.02395892143
1544968199623063593,2.53171420097,0.559040009975,3.0196518898
1544968199767061020,2.425085783,0.529496192932,3.0210416317
1544968199910692540,2.820271492,0.288980305195,2.64895439148
1544968200056486966,2.92468571663,0.384416311979,2.67186021805
1544968200199113518,2.84890007973,0.50688880682,2.79056143761
1544968200342908103,2.81041431427,0.475728362799,2.73454833031
1544968200486577317,2.83532857895,0.592254161835,2.80197191238
1544968200629989797,2.98645710945,0.637889564037,2.75068545341
1544968200773583903,2.77217149734,0.587264180183,2.76618623734
1544968200918748094,2.93000006676,0.719048500061,2.76155185699
1544968201062043499,2.76417136192,0.706445813179,2.78933525085
1544968201205689208,2.66737151146,0.734752476215,2.81917858124
1544968201349432422,2.8221142292,0.841133356094,2.8094599247
1544968201494437839,2.88280010223,0.895354807377,2.77449154854
1544968201638790929,2.86547136307,0.84650272131,2.68940639496
1544968201781671701,3.0555999279,1.04244720936,2.70198297501
1544968202084791654,3.07388567924,1.16072142124,2.71137452126
1544968202228810653,3.07624292374,1.24825596809,2.71710991859
1544968202357382598,3.07119989395,1.31139338017,2.7088701725
1544968202516746562,3.07664275169,1.49409174919,2.7521007061
1544968202661066149,3.02530002594,1.59423732758,2.76874828339
1544968202804496680,2.96314287186,1.6998347044,2.78898668289
1544968202947979037,3.06314277649,1.71481275558,2.70212388039
1544968203091523503,2.99480009079,1.82658779621,2.73811078072
1544968203235055074,3.08171439171,1.94179391861,2.70999503136
1544968203379834728,3.09470009804,1.95986497402,2.69893693924
1544968203523636625,2.54388570786,2.28393173218,2.98728990555
1544968203667860315,2.58599996567,2.25513005257,2.95768356323
1544968203810795970,2.5106856823,2.23474144936,2.96188926697
1544968203954802617,2.67429995537,2.16548418999,2.88424992561
1544968204098610257,2.66371417046,2.19231438637,2.8737578392
1544968204241835195,2.60201430321,2.18953490257,2.87018442154
1544968204386928350,2.50519990921,2.26588535309,2.89693570137
1544968204530927075,2.5809571743,2.41607069969,2.8800804615
1544968204673678813,2.53634285927,2.38229560852,2.85335445404
1544968204817951823,2.55304288864,2.44718170166,2.83093166351
1544968205104910275,2.28177142143,2.52462077141,2.86745691299
1544968205249717163,1.97114288807,2.65526676178,2.88725709915
1544968205393572860,2.05535721779,2.64989757538,2.84842944145
1544968205537093698,1.78681433201,2.70408606529,2.84100580215
1544968205680691935,1.78707146645,2.77490210533,2.81813669205
1544968205824235378,1.87428569794,2.82965970039,2.80001425743
1544968205969148052,1.89914286137,2.84831643105,2.7800090313
1544968206112998227,2.01069998741,2.85155773163,2.76192045212
1544968206260074597,1.87485718727,2.88609147072,2.77340698242
1544968206400289608,1.39719998837,2.94684529305,2.75623559952
1544968206689067620,1.25038576126,2.74304890633,2.71952533722
1544968206832244643,1.16652858257,2.8588488102,2.71261763573
1544968206975821840,1.01081430912,2.91250944138,2.68768358231
1544968207125258406,1.05079996586,2.88020253181,2.70709300041
1544968207407326700,0.780571401119,2.85433721542,2.63155221939
1544968207551805715,0.733200013638,2.83335471153,2.62286472321
1544968207695320520,0.634000003338,2.82970905304,2.59285378456
1544968207839397434,0.712499976158,2.85629200935,2.648686409
1544968208126996650,0.606100022793,2.73496603966,2.62644314766
1544968208270301351,0.496857136488,2.70645308495,2.60621261597
1544968208414742091,0.381500005722,2.50062775612,2.54743385315
1544968208558847400,0.385928571224,2.55253982544,2.59445548058
1544968208701891882,0.248214289546,2.48710131645,2.56302881241
1544968208845851612,0.116414286196,2.25004124641,2.47916555405
1544968208989163814,0.0485714301467,2.08695626259,2.45166349411
1544968209134339835,-0.0241000000387,2.02416539192,2.43948221207
1544968209278202802,0.107357144356,1.95874321461,2.57864284515
1544968209421572779,0.0206285715103,1.78676712513,2.53318715096
1544968209565084221,0.070000000298,1.75341272354,2.63998937607
1544968209710186458,0.0162714291364,1.61277854443,2.62394380569
1544968209997226269,-0.0406714268029,1.58386147022,2.58275604248
1544968210140763944,-0.0617714300752,1.55632185936,2.55228257179
1544968210284712294,-0.0830285698175,1.44116520882,2.48053407669
1544968210428264534,-0.0437142848969,1.33230996132,2.45094656944
1544968210574119316,0.141871422529,1.22288560867,2.51484060287
1544968210716684328,0.209071427584,1.13587069511,2.50672841072
1544968210859986402,0.157771423459,1.01511371136,2.42106437683
1544968211148586645,0.0575000010431,0.947901904583,2.32341885567
1544968211291221420,0.433428585529,1.0897898674,2.71773767471
1544968211434435801,0.322342842817,0.908485412598,2.57550954819
1544968211579649531,0.173071429133,0.734430789948,2.40438294411
1544968211722966155,0.11439999938,0.625699222088,2.33491182327
1544968211870242311,0.109428569674,0.574628472328,2.358543396
1544968212010260159,0.211300000548,0.54322886467,2.47221660614
1544968212154098024,0.448285728693,0.507985770702,2.64459633827
1544968212297549727,0.531257152557,0.503927826881,2.72327423096
1544968212442669046,0.61982858181,0.410248607397,2.73064255714
1544968212586308570,0.759728550911,0.308973133564,2.72944092751
1544968212730341754,0.791199982166,0.186253190041,2.65851688385
1544968212873895024,0.779500007629,0.0630548968911,2.59470677376
1544968213016940670,0.853999972343,-0.00681273313239,2.57191324234
1544968213160621565,0.958299994469,-0.0987186506391,2.57573604584
1544968213306084721,1.01199996471,-0.13877850771,2.54247832298
1544968213449750311,1.13392853737,-0.172751441598,2.5323433876
1544968213593429548,1.23794281483,-0.187209948897,2.50448584557
1544968213736883568,1.39914286137,-0.201264306903,2.49775743484
1544968213880303315,1.41559994221,-0.205305755138,2.51118016243
1544968214168545787,1.47409999371,-0.185106739402,2.56014943123
1544968214312646212,1.60599994659,-0.165452092886,2.61118555069
1544968214456266775,1.64165711403,-0.155505165458,2.6250295639
1544968214599678165,1.69565713406,-0.145508766174,2.63878273964
1544968214743036428,1.72269999981,-0.129895567894,2.6578810215
1544968214902786626,1.88692855835,-0.118480525911,2.66802597046
1544968215047318164,1.97892856598,-0.106273688376,2.67608809471
1544968215175344631,1.99570000172,-0.126926332712,2.65018320084
1544968215333671249,2.03298568726,-0.115445308387,2.66010189056
1544968215479105394,2.18885707855,-0.0910233929753,2.6522102356
1544968215622255451,2.08548569679,-0.195127889514,2.52409863472
1544968215766285538,2.46537137032,-0.0377422124147,2.62307429314
1544968215909740293,2.58590006828,-0.00987268984318,2.60421276093
1544968216053501671,2.63868570328,0.0340801626444,2.62194132805
1544968216198828031,2.74000000954,-0.0220382846892,2.48634552956
1544968216342222921,2.58035707474,-0.0354245640337,2.49571681023
1544968216485700939,2.34850001335,0.197907418013,2.77398276329
1544968216629498290,2.27457141876,0.316305458546,2.86272168159
1544968216772672027,2.29450011253,0.416558206081,2.92392706871
1544968216916440106,2.92021417618,0.155068039894,2.45778393745
1544968217204558705,2.50535702705,0.509511590004,2.94509482384
1544968217349051166,2.51178574562,0.531500399113,2.97545623779
1544968217492385309,3.02801418304,0.272501081228,2.52177977562
1544968217640703673,2.84759998322,0.442068845034,2.75968289375
1544968217781109494,2.72727131844,0.48508143425,2.81588101387
1544968217924658435,2.87207150459,0.479670852423,2.72786021233
1544968218067866513,2.93407154083,0.522460758686,2.71277713776
1544968218212179527,2.9465713501,0.63386464119,2.76478433609
1544968218356755361,2.78949999809,0.629221081734,2.78260135651
1544968218506414736,2.62245702744,0.6465498209,2.82715249062
1544968218643530550,2.73858571053,0.733639001846,2.80749392509
1544968218789042871,2.95827150345,0.827433645725,2.71550798416
1544968218931184933,2.81302857399,0.891346335411,2.75934267044
1544968219074815619,2.90421438217,1.02153885365,2.76795911789
1544968219219650147,3.01358580589,1.17204582691,2.77348327637
1544968219372549547,2.94435715675,1.2006329298,2.75922846794
1544968219507075854,2.96965718269,1.31353783607,2.75741815567
1544968219650505132,2.95000004768,1.45239877701,2.78642010689
1544968219794760788,2.97524285316,1.56533682346,2.77619361877
1544968219938999673,3.01861429214,1.61333930492,2.73303937912
1544968220226337274,2.97575712204,1.73982858658,2.76663446426
1544968220369665968,3.06207132339,1.86572384834,2.73548769951
1544968220513224460,2.97502851486,1.94799625874,2.77391695976
1544968220660348000,2.59489989281,2.20353984833,2.97343349457
1544968220801918571,2.55045723915,2.16136837006,2.95216107368
1544968220945655610,2.7082285881,2.1503162384,2.87952041626
1544968221089332617,2.62535715103,2.15982604027,2.88691020012
1544968221232975897,2.52691435814,2.22261714935,2.91155934334
1544968221376295575,2.44942855835,2.19612503052,2.89166641235
1544968221521470407,2.70589995384,2.43993997574,2.85686850548
1544968221665036914,2.54200005531,2.40365767479,2.87777090073
1544968221809160624,2.58400011063,2.39451909065,2.8318939209
1544968221952105760,2.34290003777,2.51392316818,2.87426662445
1544968222096363812,2.30068564415,2.48927044868,2.83668422699
1544968222239830365,2.02698564529,2.55592131615,2.84736633301
1544968222384488668,1.95715713501,2.65342760086,2.8374915123
1544968222529202285,1.82337141037,2.70178484917,2.81988930702
1544968222673878609,1.76224291325,2.72737789154,2.80357098579
1544968222815270525,1.81178569794,2.80282926559,2.78999638557
1544968222959141151,1.87371432781,2.81949830055,2.77921295166
1544968223246190104,1.94977140427,2.87754678726,2.77859973907
1544968223533217326,1.3469285965,2.75469493866,2.73670244217
1544968223678702575,1.29912853241,2.74176216125,2.72789382935
1544968223822072094,1.15068566799,2.88599252701,2.72100520134
1544968223965369631,1.01418566704,2.88364195824,2.68718004227
1544968224108904368,0.994471430779,2.84157776833,2.6790599823
1544968224252666710,0.807600021362,2.84798645973,2.63027667999
1544968224398925623,0.751385688782,2.80627703667,2.61693120003
1544968224541577731,0.76701426506,2.85287737846,2.63711571693
1544968224685024180,0.773785710335,2.79124927521,2.65614056587
1544968224828849337,0.708400011063,2.79724550247,2.65329742432
1544968224972310682,0.639142870903,2.74452519417,2.65254163742
1544968225119163876,0.608757138252,2.68250966072,2.66504359245
1544968225260769975,0.383599996567,2.63420176506,2.58416938782
1544968225404563729,0.462242871523,2.40510106087,2.62486577034
1544968225548631082,0.379471421242,2.52109885216,2.65376377106
1544968225691698777,0.245957136154,2.35630655289,2.58986949921
1544968225835478155,0.0783571451902,2.18729138374,2.48308610916
1544968225980337454,0.0432571433485,2.00619316101,2.4540207386
1544968226267294268,0.105700001121,1.9068312645,2.5426800251
1544968226411038287,0.0833285748959,1.82296693325,2.5920548439
1544968226555519509,0.0693142861128,1.72495770454,2.58685469627
1544968226698849300,0.0206285715103,1.65334975719,2.62221455574
1544968226843289636,-0.0141000002623,1.53412687778,2.61288261414
1544968226988488479,-0.097999997437,1.56263971329,2.57072997093
1544968227131481217,-0.120871432126,1.47627639771,2.51642560959
1544968227274370591,-0.0830285698175,1.39510917664,2.50672626495
1544968227418586139,0.0188571419567,1.27775859833,2.51383709908
1544968227562898668,0.261099994183,1.11698305607,2.56520485878
1544968227706179665,0.19121427834,1.03679740429,2.47479057312
1544968227850085675,0.130014285445,0.89430731535,2.34166836739
1544968228009393359,0.118000000715,0.877687871456,2.34858250618
1544968228145581370,0.392285704613,1.08221828938,2.70527553558
1544968228281937033,0.213642850518,0.825272738934,2.49857592583
1544968228425755188,0.192900002003,0.724632322788,2.46862268448
1544968228584139723,0.11638571322,0.603520750999,2.36131691933
1544968228729332124,0.0392714291811,0.606226027012,2.37348842621
1544968228872682508,0.0945142880082,0.532020032406,2.39992117882
1544968229017314897,0.247942849994,0.487976461649,2.53150224686
1544968229303527715,0.530357122421,0.450819820166,2.70177412033
1544968229448567520,0.695814311504,0.349602073431,2.73115730286
1544968229592074536,0.822914302349,0.29359087348,2.76525163651
1544968229735727075,0.773500025272,0.111189417541,2.61576652527
1544968229879579827,0.877771437168,0.0241167452186,2.5532207489
1544968230022740007,0.929714262486,0.0032991443295,2.57744455338
1544968230168110248,0.968242883682,-0.0727708786726,2.53008103371
1544968230311601602,1.00418567657,-0.0890521556139,2.53704166412
1544968230455656039,1.08822858334,-0.110405869782,2.5340025425
1544968230599602349,1.18314290047,-0.133450388908,2.51212334633
1544968230887954769,1.38861429691,-0.172190591693,2.51724076271
1544968231032597117,1.49107146263,-0.14818932116,2.57587766647
1544968231174677372,1.51600003242,-0.122992105782,2.6090259552
1544968231318826567,1.53331422806,-0.112995699048,2.62255215645
1544968231461501623,1.66938567162,-0.154540166259,2.59564423561
1544968231605158883,1.65885710716,-0.0970773249865,2.66427636147
1544968231748801143,1.78611433506,-0.128848090768,2.62784957886
1544968231893612745,1.8405714035,-0.118059881032,2.63946175575
1544968232038186979,1.96805715561,-0.0920791178942,2.64731431007
1544968232324346156,2.06085705757,-0.0686386972666,2.66553115845
1544968232468232554,2.16207146645,-0.0462622530758,2.66236877441
1544968232612159473,2.086571455,-0.144387051463,2.53958106041
1544968232756721090,2.38800001144,-0.0233084559441,2.61314225197
1544968232900652229,2.47792863846,0.0326697789133,2.63878822327
1544968233044086458,2.61450004578,0.0152337988839,2.56120228767
1544968233188264288,2.60692858696,0.055978231132,2.61091732979
1544968233331804141,2.73955702782,-0.0531079769135,2.38094639778
1544968233475079458,2.20805716515,0.220745757222,2.80929803848
1544968233620132666,2.26531434059,0.275791972876,2.7972111702
1544968233763535745,2.29607152939,0.454069495201,2.92991065979
1544968233908350617,2.88400006294,0.164874747396,2.43798279762
1544968234050712033,2.38269996643,0.517066657543,2.9536895752
1544968234194565612,2.9098713398,0.379756271839,2.65895342827
1544968234338458878,2.43818569183,0.613038778305,3.02065134048
1544968234482899496,2.99799990654,0.394610673189,2.63370060921
1544968234627433918,2.84439992905,0.378510832787,2.68533396721
1544968234770293420,2.86224293709,0.485939234495,2.76613974571
1544968234913897568,2.84255719185,0.509891033173,2.76764893532
1544968235058019341,2.81457138062,0.538535833359,2.77637648582
1544968235346177754,2.8900001049,0.639605104923,2.79351139069
1544968235489854012,2.7751429081,0.623835206032,2.76953268051
1544968235633104692,2.78165721893,0.738463997841,2.84948325157
1544968235777145383,2.65514278412,0.743132293224,2.85637378693
1544968235920456949,2.85942864418,0.833033978939,2.78856992722
1544968236065353908,2.96210002899,0.943448066711,2.76432085037
1544968236209083528,2.93982863426,1.01821494102,2.77660703659
1544968236353353937,3.02041435242,1.10246682167,2.74855685234
1544968236496254433,2.98057150841,1.18655383587,2.77234268188
1544968236639892282,2.97515726089,1.26183199883,2.76020288467
1544968236783620600,2.98184275627,1.34340333939,2.74531984329
1544968236927111156,2.95320010185,1.49848783016,2.77408432961
1544968237071965274,3.03010010719,1.57787358761,2.70894980431
1544968237215587007,2.96919989586,1.68195331097,2.72979569435
1544968237358926445,3.02864289284,1.74858772755,2.6866080761
1544968237503153705,2.9503428936,1.85487794876,2.73492312431
1544968237647859044,3.08450007439,1.94191765785,2.67305350304
1544968237795676085,3.02360010147,2.01744318008,2.72017741203
1544968237934848445,2.70927143097,2.22435736656,2.90078997612
1544968238079049297,2.59895706177,2.28346157074,2.93986821175
1544968238365983033,2.661485672,2.1684615612,2.87830996513
1544968238510992312,2.6953856945,2.18433880806,2.8502035141
1544968238654483607,2.64245724678,2.23541784286,2.86014461517
1544968238799613409,2.52691435814,2.26352643967,2.87987017632
1544968238941614167,2.56069993973,2.45290565491,2.88287520409
1544968239087123653,2.57898569107,2.44229888916,2.84367871284
1544968239230432532,2.54538559914,2.40196681023,2.81276845932
1544968239373750891,2.36710000038,2.53434491158,2.85202264786
1544968239517462639,2.29707145691,2.58912730217,2.84434223175
1544968239661205898,2.12421417236,2.5716252327,2.83881258965
1544968239807598505,2.08132863045,2.69760322571,2.83123803139
1544968239950322119,2.05607151985,2.71127820015,2.8052880764
1544968240093521506,1.93364286423,2.72830176353,2.79767680168
1544968240237612980,1.83609998226,2.77445673943,2.7868847847
1544968240381356639,1.82457137108,2.85705900192,2.7735452652
1544968240525525719,1.78741431236,2.88766694069,2.76603150368
1544968240669372764,1.96152853966,2.87443733215,2.75746560097
1544968240813063246,1.83770000935,2.91669940948,2.76624727249
1544968240956818520,1.32995712757,3.02306365967,2.7379553318
1544968241100442785,1.39661431313,2.74873995781,2.73281860352
1544968241388836645,1.15617144108,2.84693074226,2.69932460785
1544968241533156909,1.08194291592,2.8402993679,2.69178366661
1544968241675841274,1.15617144108,2.82858753204,2.71854019165
1544968241834516497,0.910585701466,2.90744519234,2.66835069656
1544968241979077804,0.91068571806,2.81466507912,2.66246366501
1544968242123298865,0.889471411705,2.87969946861,2.66018271446
1544968242266749579,0.735542833805,2.82834005356,2.61263656616
1544968242410055552,0.800700008869,2.78506350517,2.65465641022
1544968242553538401,0.619385719299,2.68330144882,2.60391139984
1544968242699064338,0.606100022793,2.71589684486,2.64615702629
1544968242842049163,0.347485721111,2.49664402008,2.52802729607
1544968242985856806,0.347671419382,2.49500274658,2.58576607704
1544968243129831963,0.182571426034,2.49321293831,2.54861855507
1544968243273128239,0.0142857143655,2.23383426666,2.42894649506
1544968243418794008,0.0350714288652,2.08440756798,2.45406079292
1544968243561598510,0.0742857158184,1.93587195873,2.49649381638
1544968243705007754,0.0966285690665,1.86947667599,2.55824542046
1544968243848940700,0.128071427345,1.80718052387,2.62560391426
1544968243992326247,0.0516999997199,1.72323381901,2.6004216671
1544968244138285724,0.109899997711,1.70800828934,2.6682446003
1544968244424531953,-0.00542857125401,1.63018977642,2.56594085693
1544968244568613224,-0.106042854488,1.51898384094,2.45632719994
1544968244711691105,0.00604285718873,1.37700510025,2.46093893051
1544968244857317697,0.0883428603411,1.26977467537,2.4714910984
1544968245017662600,0.19121427834,1.10627734661,2.44452190399
1544968245143855598,0.139642864466,0.983615159988,2.33764863014
1544968245288062175,0.0341571420431,0.955374479294,2.26664805412
1544968245431260883,0.255100011826,1.00603282452,2.50338220596
1544968245574727821,0.350071430206,0.922646939754,2.58825659752
1544968245719675652,0.203157141805,0.793221533298,2.47823047638
1544968245863398789,0.151600003242,0.673206925392,2.39246940613
1544968246007866305,0.0322857126594,0.639654636383,2.35444259644
1544968246150561364,0.19902856648,0.534032523632,2.42390108109
1544968246294287204,0.405485719442,0.549241542816,2.63292908669
1544968246439305862,0.557885706425,0.479266703129,2.7120411396
1544968246583378161,0.686471402645,0.409382581711,2.75645828247
1544968246726275717,0.782457113266,0.258504450321,2.68645429611
1544968246872564953,0.697200000286,0.195078402758,2.63225317001
1544968247445761159,1.02447140217,-0.00711790425703,2.53047585487
1544968247589730851,1.1280143261,-0.00706841703504,2.57364201546
1544968247732841321,1.3590285778,-0.0652240812778,2.54968380928
1544968247877326639,1.46007144451,-0.117738217115,2.51444411278
1544968248020119397,1.51600003242,-0.0691500678658,2.61100792885
1544968248163954760,1.5545142889,-0.124658167362,2.56280040741
1544968248307510802,1.60645711422,-0.108112961054,2.60215425491
1544968248452343098,1.65084290504,-0.106570608914,2.62170958519
1544968248596353152,1.75915718079,-0.0681190863252,2.68418073654
1544968248739497475,1.87679994106,-0.117663986981,2.63844203949
1544968248883795863,1.91508567333,-0.075039036572,2.68641328812
1544968249026867675,2.03387141228,-0.0777030959725,2.67337417603
1544968249170245593,2.01472854614,-0.088755235076,2.66244077682
1544968249313929136,2.15102863312,-0.0895057842135,2.64445924759
1544968249458886847,2.20428562164,-0.0841446742415,2.62658405304
1544968249602601953,2.47651433945,0.0291314441711,2.68114304543
1544968249746644819,2.61224293709,0.0370906293392,2.63418126106
1544968249889966382,2.62264275551,0.00667251972482,2.59572720528
1544968250033520951,2.60851430893,-0.0546503253281,2.49494814873
1544968250178669601,2.59331417084,-0.0191515330225,2.51126551628
1544968250465549397,2.39032864571,0.222057163715,2.78916120529
1544968250609388410,2.40245723724,0.36381316185,2.90859746933
1544968250752896120,2.92201423645,0.268129706383,2.64432191849
1544968250898014978,2.48645710945,0.519763708115,3.01180624962
1544968251041237512,3.00209999084,0.261267483234,2.56918954849
1544968251184865330,2.94309997559,0.387261807919,2.69597673416
1544968251328939658,2.73292851448,0.482013255358,2.83895492554
1544968251472159716,2.91314291954,0.496389269829,2.75477695465
1544968251616995815,2.9281001091,0.553126275539,2.75751376152
1544968251761116237,2.87697148323,0.568211615086,2.76424860954
1544968251904401816,2.80999994278,0.645032227039,2.81580066681
1544968252048846379,2.76417136192,0.643844544888,2.80444645882
1544968252191518473,2.94098567963,0.658995866776,2.70533323288
1544968252336986764,2.98749995232,0.747957289219,2.69137573242
1544968252480056253,3.08234286308,0.823845863342,2.65385389328
1544968252623833711,3.1740000248,0.984151244164,2.66547751427
1544968252767335544,3.09457135201,1.10387718678,2.72726655006
1544968252911100293,3.15508580208,1.21560275555,2.72090864182
1544968253055648085,3.14047145844,1.32545602322,2.73450279236
1544968253198653050,3.03010010719,1.4208343029,2.79451680183
1544968253486559540,2.97239995003,1.55107629299,2.81840395927
1544968253631216847,3.04535722733,1.6925188303,2.78438138962
1544968253774078947,3.12108564377,1.73703253269,2.72059583664
1544968253917748650,3.04870009422,1.78187608719,2.74066519737
1544968254061308424,2.90988564491,1.9238960743,2.82688689232
1544968254204849907,2.49609994888,2.15052247047,3.00605010986
1544968254364564539,2.55240011215,2.15392899513,2.97098374367
1544968254493595056,2.62107133865,2.10171175003,2.90282487869
1544968254638630546,2.65702867508,2.1311647892,2.87922477722
1544968254797011119,2.56399989128,2.14700078964,2.89010238647
1544968254940273591,3.1398999691,2.52469491959,2.73566126823
1544968255084122003,2.7927570343,2.36947035789,2.83249330521
1544968255227543339,2.59489989281,2.33799648285,2.86891388893
1544968255371322122,2.49970006943,2.36381220818,2.86954545975
1544968255514675176,2.54011440277,2.42980337143,2.84152698517
1544968255658627188,2.26119995117,2.5561439991,2.88686704636
1544968255803292583,1.98532855511,2.69562363625,2.90120387077
1544968255947306730,2.08209991455,2.69278645515,2.85085272789
1544968256090812909,2.02279996872,2.77956223488,2.82574129105
1544968256234688733,1.96754288673,2.64213633537,2.79468989372
1544968256522616527,1.86095714569,2.77955389023,2.79651904106
1544968256666737091,1.84897148609,2.81934976578,2.7801926136
1544968256810128854,1.8745714426,2.87169075012,2.77262949944
1544968256953471451,2.01189994812,2.88944840431,2.75395107269
1544968257097323209,2.01370000839,2.94192123413,2.74592638016
1544968257242117792,1.97062861919,2.79101014137,2.74067234993
1544968257385858889,1.76235711575,2.83029484749,2.7626850605
1544968257530047068,1.34032857418,2.8633852005,2.73440027237
1544968257673006032,1.40158569813,2.65575361252,2.73242211342
1544968257816943795,1.31594288349,2.67847633362,2.72317075729
1544968257961562962,1.27475714684,2.7423889637,2.7238202095
1544968258105128427,1.19264280796,2.84377169609,2.7171061039
1544968258248617872,1.09658575058,2.80927920341,2.70332217216
1544968258392275025,1.13285708427,2.8151268959,2.71230435371
1544968258535680876,0.950500011444,2.79167819023,2.67272925377
1544968258680777190,0.865428566933,2.77928161621,2.65522623062
1544968258824240333,0.814642846584,2.86472129822,2.65515136719
1544968258967956756,0.893414258957,2.82310271263,2.68921971321
1544968259111562648,0.830285727978,2.8238697052,2.67895245552
1544968259256204759,0.662500023842,2.8684823513,2.61849236488
1544968259544418621,0.737885713577,2.76730585098,2.66188716888
1544968259687557302,0.682385742664,2.71632575989,2.65622353554
1544968259831103481,0.587028563023,2.62661385536,2.62562322617
1544968259974457004,0.673885703087,2.65755987167,2.68865275383
1544968260119697065,0.630228579044,2.61302137375,2.68606233597
1544968260262905346,0.404799997807,2.42254519463,2.57701611519
1544968260406538155,0.337428569794,2.39506340027,2.55738401413
1544968260550413463,0.235071435571,2.45765638351,2.53697991371
1544968260693997106,0.0939999967813,2.39402413368,2.46848392487
1544968260839050845,0.0742142871022,2.24139738083,2.44806647301
1544968260982828705,0.113671429455,2.14512848854,2.49190735817
1544968261126409621,0.0875857174397,1.98056709766,2.46074843407
1544968261270198645,-0.0105714285746,2.00584673882,2.454662323
1544968261413550953,0.175328567624,1.9623888731,2.60982561111
1544968261558156483,0.271600008011,1.84234118462,2.67574524879
1544968261701871549,0.127314284444,1.75422108173,2.62528085709
1544968261845572709,0.128071427345,1.74086773396,2.67003321648
1544968261989284494,-0.00615714304149,1.68831241131,2.63561439514
1544968262134196926,0.131485715508,1.58390271664,2.71964406967
1544968262277074413,0.0868428573012,1.55812811852,2.67856216431
1544968262565498691,0.0473714284599,1.54304277897,2.61884999275
1544968262708752530,-0.0727857127786,1.51548671722,2.50657176971
1544968262852613343,0.00604285718873,1.36563956738,2.46726417542
1544968262996298533,0.0778999999166,1.3220744133,2.50098991394
1544968263139773705,0.130471423268,1.22486507893,2.48104476929
1544968263285086142,0.24571429193,1.13774287701,2.50255179405
1544968263428454949,0.259414285421,1.05276525021,2.47272920609
1544968263571865421,0.247942849994,0.940239667892,2.40053606033
1544968263715187144,0.149185717106,0.914959967136,2.34328651428
1544968263860017971,0.110842853785,0.885350167751,2.33535194397
1544968264003508078,0.647899985313,1.24165773392,2.91056895256
1544968264148132321,0.512285709381,1.05782115459,2.77104282379
1544968264291123652,0.401657134295,0.875230014324,2.61853861809
1544968264434909664,0.516057133675,0.88065713644,2.74645733833
1544968264579111767,0.153957143426,0.688341736794,2.40885519981
1544968264723015227,0.173071429133,0.636248230934,2.4322078228
1544968264868515444,0.095600001514,0.55415725708,2.34347391129
1544968265010262097,0.102499999106,0.520481288433,2.36114239693
1544968265154041574,0.252400010824,0.502476215363,2.51797771454
1544968265299070307,0.381999999285,0.511598348618,2.6440012455
1544968265586031497,0.59504288435,0.47518402338,2.76713275909
1544968265729808106,0.694685697556,0.387995868921,2.76789999008
1544968265873257217,0.715157151222,0.308379262686,2.74152374268
1544968266017076741,0.745657145977,0.273730009794,2.74748373032
1544968266160620563,0.764500021935,0.143554016948,2.64811849594
1544968266305505519,0.805771410465,0.052423402667,2.60785055161
1544968266449149757,0.908857166767,-0.0520440042019,2.58435106277
1544968266592712850,1.0105856657,-0.0787423253059,2.59934926033
1544968266737643639,1.0333571434,-0.155711367726,2.57610702515
1544968266881195742,1.04238569736,-0.169963672757,2.52826905251
1544968267025060286,1.11404287815,-0.161270424724,2.541908741
1544968267168396792,1.22321426868,-0.178030073643,2.5457713604
1544968267311972827,1.40624284744,-0.21347938478,2.51575183868
1544968267456286928,1.45079994202,-0.206493452191,2.51408815384
1544968267599755932,1.5174857378,-0.157253712416,2.58311986923
1544968267744895546,1.54595708847,-0.197148621082,2.55171489716
1544968267888195698,1.53468573093,-0.174508243799,2.59512758255
1544968268031609226,1.56130003929,-0.183523148298,2.60197257996
1544968268175019925,1.60508573055,-0.158243462443,2.63567042351
1544968268320195763,1.67777144909,-0.169477045536,2.62502574921
1544968268607820902,1.75909996033,-0.143570512533,2.65726447105
1544968268752067530,1.88778567314,-0.11097496748,2.69222021103
1544968268894835162,2.01472854614,-0.129582136869,2.66076636314
1544968269055412231,2.07349991798,-0.0855715572834,2.70580410957
1544968269183150936,2.04841423035,-0.132782310247,2.62207317352
1544968269327228114,2.08987140656,-0.0654302835464,2.68107366562
1544968269487026533,2.17319989204,-0.0434992201626,2.6791434288
1544968269630804756,2.13159990311,-0.0736698955297,2.63494873047
1544968269773865799,2.47270011902,0.0689603686333,2.71106982231
1544968269918027038,2.53807139397,0.0446621663868,2.65049028397
1544968270061906382,2.60150003433,0.10807172209,2.67084598541
1544968270204906622,2.71868562698,0.115700997412,2.62369227409
1544968270349668093,2.47874283791,0.120270311832,2.6901614666
1544968270493499677,2.78165721893,-0.0666757076979,2.36229515076
1544968270636943194,2.48018574715,0.0966401845217,2.64881849289
1544968270780862798,2.41400003433,0.209479168057,2.75637841225
1544968270924093244,2.33072853088,0.36944642663,2.90151929855
1544968271068556930,2.82714295387,0.234470188618,2.57316660881
1544968271213034944,2.57407140732,0.482986479998,2.87627887726
1544968271356601510,2.76028561592,0.427074253559,2.75042366982
1544968271643576050,2.9944999218,0.317781835794,2.54078412056
1544968271787996929,2.74714279175,0.525999069214,2.8454580307
1544968271931091418,2.85578560829,0.450324952602,2.74987196922
1544968272076039396,2.79029989243,0.580657660961,2.8774228096
1544968272218882721,2.82800006866,0.47908526659,2.75921964645
1544968272363280559,2.86068582535,0.498764663935,2.72178459167
1544968272506579556,2.91790008545,0.55733269453,2.72325897217
1544968272649610743,2.86870002747,0.598456561565,2.76646161079
1544968272937477731,2.8221142292,0.754415333271,2.83397746086
1544968273082099596,2.86870002747,0.711435735226,2.7395837307
1544968273225535187,3.01455712318,0.79757642746,2.69271564484
1544968273369101921,3.06622862816,0.857497096062,2.66184926033
1544968273512959694,3.13664293289,1.01979029179,2.71189951897
1544968273656424033,3.09457135201,1.08005738258,2.73678708076
1544968273800190140,3.02542853355,1.2501282692,2.8189291954
1544968273944918631,3.12508583069,1.36614274979,2.77983689308
1544968274088596891,3.09772849083,1.51258349419,2.8140130043
1544968274232153764,3.06069993973,1.59078967571,2.81140589714
1544968274375641992,3.07342863083,1.6652431488,2.76994633675
1544968274663333542,3.05278563499,1.86184740067,2.79743170738
1544968274808952054,3.10347151756,1.84597849846,2.71868133545
1544968274951719510,2.58881425858,2.14128494263,2.97876477242
1544968275095891023,2.65750002861,2.16304278374,2.9324119091
1544968275239295537,2.68942856789,2.16559147835,2.90125632286
1544968275383265147,2.62964296341,2.18684601784,2.893627882
1544968275528428595,2.63165712357,2.29561066628,2.90106058121
1544968275671591394,2.61605715752,2.38043165207,2.89390563965
1544968275815049657,2.51799988747,2.39250659943,2.89240193367
1544968275959009371,2.4426856041,2.39197874069,2.87969183922
1544968276102232544,2.51799988747,2.45248508453,2.8417236805
1544968276246233075,2.28554296494,2.56663537025,2.87386083603
1544968276389386170,2.23342847824,2.56203317642,2.84124684334
1544968276534620382,2.03224277496,2.68729329109,2.84544253349
1544968276679232779,2.05535721779,2.6971578598,2.80372023582
1544968276821924422,2.01525712013,2.65671849251,2.7621524334
1544968276965238869,1.94565713406,2.76747083664,2.75047707558
1544968277109863358,1.861728549,2.8774394989,2.74343013763
1544968277397757932,1.87514281273,2.94597101212,2.7258014679
1544968277684198570,2.10835719109,2.87903952599,2.69199943542
1544968277827985443,1.81121432781,2.8098731041,2.72033381462
1544968277971405655,1.55297148228,2.84627079964,2.71660113335
1544968278115049307,1.3469285965,2.80014061928,2.69018507004
1544968278259800474,1.32850003242,2.71667218208,2.67887663841
1544968278403943422,1.25155711174,2.77444028854,2.67181324959
1544968278547725072,1.21864283085,2.87420630455,2.67319059372
1544968278691559899,1.06721425056,2.89863657951,2.65025663376
1544968278835144574,1.086571455,2.83401441574,2.65115523338
1544968278979939595,1.06878566742,2.87526202202,2.659730196
1544968279123255526,0.954571425915,2.89207935333,2.63923668861
1544968279267734185,0.794099986553,2.88334488869,2.59563612938
1544968279410737501,0.859257161617,2.84965252876,2.62717676163
1544968279555260481,0.818928599358,2.86374807358,2.62472915649
1544968279698004427,0.764757156372,2.88580274582,2.61690425873
1544968279843112502,0.705999970436,2.86759972572,2.59293961525
1544968279987079189,0.803257167339,2.86743474007,2.64064288139
1544968280130255107,0.70450001955,2.7761888504,2.61741399765
1544968280273585178,0.516357123852,2.72726249695,2.55113983154
1544968280417654976,0.540785729885,2.69725680351,2.59244227409
1544968280705549940,0.497814297676,2.64379405975,2.59810185432
1544968280849702081,0.384514272213,2.44008016586,2.53569674492
1544968280993166836,0.306642860174,2.49097776413,2.5388777256
1544968281136935493,0.37548571825,2.50705289841,2.62606096268
1544968281280414457,0.0801571458578,2.39197039604,2.47096180916
1544968281424148468,0.0946857109666,2.26443362236,2.49404788017
1544968281568748819,0.1014142856,2.16432952881,2.51551055908
1544968281728373457,0.0923999994993,1.96737873554,2.49665427208
1544968281856787978,0.102285712957,1.95103156567,2.5595729351
1544968282015787678,0.114100001752,1.83817601204,2.56781816483
1544968282159357516,0.194000005722,1.76911664009,2.6473929882
1544968282303305055,0.149542853236,1.71862328053,2.65948700905
1544968282446473441,0.109314285219,1.65461993217,2.66643643379
1544968282591716687,0.0606285706162,1.60409355164,2.68702602386
1544968282735923910,0.0828571394086,1.64726281166,2.67193937302
1544968282879335625,0.0735571458936,1.60355734825,2.61688613892
1544968283022210731,0.029728570953,1.6311712265,2.57699370384
1544968283166069097,-0.0485000014305,1.61655604839,2.51485466957
1544968283309515177,-0.0127285718918,1.57624042034,2.5171816349
1544968283453371667,-0.102685712278,1.56998038292,2.44800281525
1544968283741659637,-0.0143428575248,1.48860692978,2.47708368301
1544968283885598626,0.107757143676,1.34091246128,2.47845554352
1544968284028979389,0.0837142840028,1.31573176384,2.4588496685
1544968284172501503,0.29417142272,1.14406085014,2.49443149567
1544968284316727145,0.243028566241,1.10564231873,2.46223330498
1544968284461304239,0.198614284396,1.01766228676,2.4060997963
1544968284604703906,0.165885716677,0.920312821865,2.32929301262
1544968284748109459,0.077500000596,0.91519087553,2.29288458824
1544968284891942555,0.0675000026822,0.913904249668,2.31523704529
1544968285035286434,0.374457150698,1.02783191204,2.64252591133
1544968285179389780,0.387028574944,1.0252751112,2.67415785789
1544968285325029451,0.382642865181,0.984918296337,2.6684114933
1544968285468363748,0.26908570528,0.789864659309,2.5151951313
1544968285611562474,0.192900002003,0.712343037128,2.4721968174
1544968285755931440,0.192185714841,0.621121644974,2.4450302124
1544968285898343149,0.137428566813,0.540647268295,2.40618252754
1544968286043491828,0.135271430016,0.487704277039,2.39715385437
1544968286187106582,0.0925000011921,0.478862553835,2.39076018333
1544968286331420334,0.0704571455717,0.469303280115,2.41379165649
1544968286474073595,0.115728572011,0.428913503885,2.45004892349
1544968286761419508,0.312285721302,0.433853983879,2.60573363304
1544968286908100195,0.44885712862,0.432633310556,2.71945881844
1544968287050132412,0.558300018311,0.455949991941,2.81931042671
1544968287193342012,0.598385691643,0.345478147268,2.77527999878
1544968287337488834,0.639314293861,0.276385813951,2.75326871872
1544968287480839109,0.650671422482,0.24303971231,2.75375342369
1544968287624552293,0.732400000095,0.173056617379,2.72810220718
1544968287767904078,0.721271455288,0.152494698763,2.73229074478
1544968287911659137,0.703428566456,0.102982789278,2.68756079674
1544968288056893110,0.719142854214,0.0348884537816,2.63334703445
1544968288200413846,0.768742859364,-0.0253044366837,2.59855604172
1544968288344517799,0.814514279366,-0.0879716873169,2.57270812988
1544968288488823572,0.879828572273,-0.103741593659,2.62450742722
1544968288919548485,0.991599977016,-0.195540294051,2.54678106308
1544968289063639139,1.00181424618,-0.201437503099,2.54232001305
1544968289208279641,0.996399998665,-0.243971735239,2.51913976669
1544968289350769560,1.09404289722,-0.218263149261,2.54633688927
1544968289495488863,1.08464288712,-0.244507834315,2.49332427979
1544968289782842041,1.167314291,-0.237620875239,2.48968148232
1544968289926260483,1.36657142639,-0.274439334869,2.46293830872
1544968290069972597,1.40512859821,-0.216894000769,2.52756214142
1544968290213411766,1.42492854595,-0.224267587066,2.50427293777
1544968290358483767,1.49107146263,-0.161732301116,2.57506275177
1544968290502281574,1.48257148266,-0.153096795082,2.56893825531
1544968290645750013,1.49800002575,-0.122546717525,2.6078877449
1544968290789640632,1.50738573074,-0.141508549452,2.60151171684
1544968290933570364,1.54267144203,-0.13194103539,2.61617207527
1544968291077595643,1.55262851715,-0.161278679967,2.59696626663
1544968291221403657,1.57981431484,-0.180570423603,2.5909807682
1544968291364981675,1.62320005894,-0.158490896225,2.63630461693
1544968291508859792,1.6236000061,-0.182607635856,2.62272334099
1544968291652199378,1.65885710716,-0.15157918632,2.66173195839
1544968291795858280,1.68649995327,-0.167538806796,2.6433403492
1544968291940528776,1.72287142277,-0.178162038326,2.63105916977
1544968292084277338,1.74092853069,-0.167736753821,2.64384794235
1544968292228326960,1.77730000019,-0.157212480903,2.65640521049
1544968292371738939,1.76817142963,-0.162482857704,2.65014505386
1544968292515175293,1.85010004044,-0.15675060451,2.65521359444
1544968292804347432,1.93171429634,-0.160849779844,2.64594173431
1544968292948577520,2.0242857933,-0.137739285827,2.66566967964
1544968293092205820,2.03298568726,-0.129087269306,2.65947461128
1544968293235060936,2.00760006905,-0.0897202342749,2.69278526306
1544968293378876293,2.02342867851,-0.107354156673,2.65514826775
1544968293521667816,2.0347571373,-0.0671128481627,2.68554639816
1544968293682277923,2.06085705757,-0.0686386972666,2.66553115845
1544968293810304185,2.08987140656,-0.0249002929777,2.68175649643
1544968293954146520,2.01472854614,-0.0347812287509,2.66369271278
1544968294099671184,2.02412867546,-0.124633423984,2.53965950012
1544968294258106488,2.16005706787,-0.0808620303869,2.55931925774
1544968294401545915,2.42890000343,0.0876995027065,2.68275117874
1544968294529934571,2.43925714493,0.0936792045832,2.68666124344
1544968294688871427,2.42472863197,0.0796001031995,2.65976595879
1544968294832138098,2.46609997749,0.116764970124,2.67475533485
1544968294976071109,2.5020570755,0.0720533132553,2.61513257027
1544968295120481727,2.5962998867,0.139710515738,2.64647078514
1544968295263785274,2.65372848511,0.0821404457092,2.5626308918
1544968295408559361,2.65159988403,0.120996117592,2.59200263023
1544968295551063238,2.63868570328,0.153888583183,2.6176431179
1544968295838706194,2.61450004578,0.107956252992,2.55897140503
1544968295983852513,2.65000009537,0.0885160416365,2.50841879845
1544968296127807881,2.69731426239,0.013295551762,2.39925384521
1544968296271059035,2.58850002289,0.160297185183,2.61081838608
1544968296414336282,2.27148580551,0.32013246417,2.83907866478
1544968296701636074,2.57261419296,0.208613142371,2.623077631
1544968296846894423,2.36470007896,0.402751296759,2.85637617111
1544968296990101099,2.36470007896,0.428616583347,2.8526096344
1544968297133920272,2.30452847481,0.427280426025,2.85003137589
1544968297278238802,2.23230004311,0.481831789017,2.89840912819
1544968297421259287,2.29607152939,0.54425162077,2.91450619698
1544968297564918821,2.86542868614,0.315827101469,2.49111866951
1544968297708327788,2.88687133789,0.379327386618,2.51884579659
1544968297851829408,2.54542851448,0.62733232975,2.8603579998
1544968297996822246,2.45675706863,0.75552880764,2.97294807434
1544968298147867713,2.52990007401,0.725853025913,2.91850018501
1544968298284372154,2.54564285278,0.703814744949,2.89667868614
1544968298428021900,2.99731421471,0.379253149033,2.45038247108
1544968298571021817,2.69628572464,0.60465067625,2.79451990128
1544968298859378264,2.60015726089,0.739099085331,2.94837498665
1544968299003585862,2.73547148705,0.556458413601,2.75208115578
1544968299147594357,2.97550010681,0.482953488827,2.58341932297
1544968299296961319,3.05932855606,0.513734519482,2.57244729996
1544968299435396711,2.90542864799,0.523409247398,2.65432238579
1544968299579726238,2.88155722618,0.537191450596,2.67749023438
1544968299722758295,2.75571417809,0.675747275352,2.84777188301
1544968299869527400,2.8657143116,0.73201417923,2.83933734894
1544968300009877123,2.86870002747,0.648999452591,2.75504255295
1544968300153380789,2.7751429081,0.623835206032,2.76953268051
1544968300298820034,2.93971419334,0.673998713493,2.73289322853
1544968300442249431,2.95605707169,0.677083432674,2.71443986893
1544968300585518415,2.8571999073,0.667433381081,2.74797034264
1544968300730155700,2.83532857895,0.693339943886,2.77868533134
1544968300872961674,2.85401439667,0.775406181812,2.82514572144
1544968301016556587,2.71274280548,0.760947644711,2.825258255
1544968301161466682,2.78441429138,0.797164022923,2.80222535133
1544968301305118267,2.91807150841,0.891371071339,2.78338217735
1544968301448615481,2.85841417313,0.84221380949,2.74274373055
1544968301592226442,2.864757061,0.889556527138,2.75077366829
1544968301882146685,2.97901439667,0.993809521198,2.72826266289
1544968302024640169,3.03880000114,1.07583451271,2.7078359127
1544968302169053044,3.03632855415,1.08272147179,2.66098165512
1544968302312451464,3.07022857666,1.20694243908,2.67945623398
1544968302456027173,3.09457135201,1.26692092419,2.65545463562
1544968302599367522,3.0625,1.36194455624,2.69373369217
1544968302742434649,3.03622865677,1.4109120369,2.69826674461
1544968302889585011,3.03228569031,1.50370049477,2.71656560898
1544968303031387057,3.03788566589,1.63470959663,2.74719405174
1544968303174882827,3.04462862015,1.69288992882,2.73665142059
1544968303318498906,3.06148576736,1.78925800323,2.73793005943
1544968303462287065,3.09655714035,1.84165668488,2.69622612
1544968303606965357,3.17199993134,1.96041762829,2.65924406052
1544968303750652789,3.11384296417,1.98033618927,2.66171956062
1544968303894275223,3.14341425896,2.03967118263,2.63345551491
1544968304038726220,3.16359996796,2.08383846283,2.62704229355
1544968304181899558,2.83771419525,2.14675331116,2.78733348846
1544968304324693479,2.71994280815,2.26991033554,2.85515642166
1544968304469986973,2.62319993973,2.26136565208,2.87315988541
1544968304613869199,2.69400000572,2.2753868103,2.84356784821
1544968304900673781,2.7000143528,2.25226807594,2.82441329956
1544968305044122726,2.57664275169,2.21566414833,2.84194374084
1544968305188948740,2.69400000572,2.30582141876,2.81894493103
1544968305333302318,2.58400011063,2.36448025703,2.85702228546
1544968305476879197,2.53257131577,2.35484671593,2.84801316261
1544968305620182437,2.39821434021,2.32521224022,2.86390566826
1544968305763715671,2.72600007057,2.55978965759,2.79737401009
1544968305907866337,2.5495429039,2.52897572517,2.82648420334
1544968306050963059,2.47342848778,2.51754403114,2.8239197731
1544968306195942829,2.48112845421,2.502805233,2.79820775986
1544968306339599871,2.4087998867,2.62354564667,2.81536698341
1544968306483608623,2.19434285164,2.70691490173,2.84736204147
1544968306642527259,2.19537138939,2.74025273323,2.83045196533
1544968306786202999,2.14222860336,2.70119094849,2.81370282173
1544968306930432110,2.17160010338,2.79171943665,2.79831290245
1544968307073352176,2.12457132339,2.85244035721,2.78929758072
1544968307218633666,2.07165718079,2.82187366486,2.76348805428
1544968307362688990,2.06719994545,2.75509905815,2.73790311813
1544968307505524397,1.94657146931,2.81398868561,2.73436045647
1544968307649274572,1.82439994812,2.88817000389,2.72524094582
1544968307936565449,1.83669996262,2.89005875587,2.71495747566
1544968308080319460,1.73755717278,2.93641161919,2.69831085205
1544968308225246699,1.8868714571,2.94579768181,2.68516135216
1544968308368724809,1.92599999905,3.01109600067,2.68416166306
1544968308512187659,1.94977140427,2.96794319153,2.68182849884
1544968308656697669,1.99857139587,2.93087744713,2.68666529655
1544968308799644074,1.96104288101,2.91432404518,2.6992456913
1544968308943518579,1.7624143362,2.90417909622,2.71700930595
1544968309231818193,1.41327142715,2.92692661285,2.70715045929
1544968309375236577,1.39164280891,2.87004947662,2.70158219337
1544968309518779749,1.34881424904,2.77199888229,2.6879029274
1544968309663344821,1.2831428051,2.8279440403,2.69228100777
1544968309806425869,1.2831428051,2.8279440403,2.69228100777
1544968309950323251,1.20439994335,2.87792611122,2.69097781181
1544968310094664453,1.12571430206,2.92335534096,2.67603445053
1544968310238277166,1.02085709572,2.96122956276,2.66102814674
1544968310382173310,1.0625,2.9145219326,2.68079400063
1544968310526010549,1.12000000477,2.95392203331,2.70657444
1544968310669337592,0.900971412659,2.89556002617,2.65421962738
1544968310958339951,0.757985711098,2.9291536808,2.61639380455
1544968311101780511,0.760242879391,2.90541625023,2.6269159317
1544968311244682579,0.694000005722,2.92122745514,2.61250734329
1544968311388850863,0.617699980736,2.85197019577,2.58741426468
1544968311533517988,0.650071442127,2.94106340408,2.61680197716
1544968311677418884,0.641200006008,2.91053819656,2.6226952076
1544968311820693286,0.601314306259,2.83670330048,2.62290596962
1544968311964182109,0.395428568125,2.74678516388,2.53700757027
1544968312107989855,0.543042838573,2.79045748711,2.62590003014
1544968312251269999,0.672442853451,2.73499894142,2.69770288467
1544968312396715085,0.529200017452,2.75019979477,2.67081427574
1544968312540251837,0.468385726213,2.72762537003,2.66200566292
